text,true_label,pred_label
"<br /><br />When I unsuspectedly rented A Thousand Acres, I thought I was in for an entertaining King Lear story and of course Michelle Pfeiffer was in it, so what could go wrong?<br /><br />Very quic...",positive,positive
"This is the latest entry in the long series of films with the French agent, O.S.S. 117 (the French answer to James Bond). The series was launched in the early 1950's, and spawned at least eight films ...",positive,negative
"This movie was so frustrating. Everything seemed energetic and I was totally prepared to have a good time. I at least thought I'd be able to stand it. But, I was wrong. First, the weird looping? It wa...",negative,negative
"I was truly and wonderfully surprised at ""O' Brother, Where Art Thou?"" The video store was out of all the movies I was planning on renting, so then I came across this. I came home and as I watched I b...",positive,positive
"This movie spends most of its time preaching that it is the script that makes the movie, but apparently there was no script when they shot this waste of time! The trailer makes this out to be a comedy...",negative,negative
After a very long time Marathi cinema has come with some good movie.This movie is one of the best Marathi movies ever made. It shows how a old grandfather tries to save his grandsons eye. He tries eve...,positive,positive
"This is a really sad, and touching movie! It deals with the subject of child abuse. It's really sad, but mostly a true story, because it happens everyday. Elijah Wood and Joseph Mazzello play the two ...",positive,positive
Don't pay any attention to the rave reviews of this film here. It is the worst Van Damme film and one of the worst of any sort I have ever seen. It would appeal to somebody with no depth whatever who ...,negative,negative
"Porn legend Gregory Dark directs this cheesy horror flick that has Glen Jacobs (Kane from WWF/WWE/ whatever it calls itself nowadays) in his cinematic debut. He plays Jacob Goodknight, a blind serial ...",negative,negative
This was a great movie. Something not only for Black History month but as a reminder of the goodness of people and the statement that it truly does take a village to raise a child. The performances by...,positive,positive
"If you're a fan of Turkish and Middle Eastern music, you're in great luck. This film is a documentary of current music in Istanbul, spanning the traditional to the modern. It's very good. You could no...",positive,positive
"OK, it was a ""risky"" move to rent this flick, but I thought I had nothing to lose.Well, I was wrong. This is, next to ""Bloodsurf"", the worst ""horrormovie"" I have ever seen. Crappy actors, crappy techn...",negative,negative
"These days, writers, directors and producers are relying more and more on the ""surprise"" ending. The old art of bringing a movie to closure, taking all of the information we have learned through out t...",negative,negative
"Teenager Tamara (Jenna Dewan) has it rough. She's ridiculed by all the popular ""kids"" for being shy, bookish, frumpy and because of her interest in witchcraft. All of the football players and cheerlea...",negative,negative
"Dirty Harry goes to Atlanta is what Burt called this fantastic, first-rate detective thriller that borrows some of its plot from the venerable Dana Andrews movie ""Laura."" Not only does Burt Reynolds s...",positive,positive
"I'm 15, usually not kids my age usually watch these old classic movies. But this is one of my favorites. I was totally addicted after watching it for the first time. It's really good if u think about ...",positive,positive
"The story is: a turn-of-the-century troupe of actors, along with producers and theatre-owners, have very complicated relationships. A resident playwright has written a psychological drama. He wants to...",negative,negative
"A holiday on a boat, a married couple, an angry waiter and a shipwreck is the reason to this films beginning.<br /><br />I like boobs. No question about that. But when the main character allies with w...",negative,negative
"Definitely a movie for people who ask only to be entertained and who do not over-think their movies. <br /><br />Lots of action, lots of great dialogue (e.g. fun to quote), a little intrigue, and stuf...",positive,positive
If Hollywood had the wellbeing of the audience at heart we would see 20 films a year with the kind of wholesome fortitude that is behind this film. There are several experiences of personal growth in ...,positive,positive
I was expecting a lot more of this film than what I actually got. The acting was just awful from everyone and the story was far from impressive. It took a lot of something I don't to even follow what ...,negative,negative
"Coming from Kiarostami, this art-house visual and sound exposition is a surprise. For a director known for his narratives and keen observation of humans, especially children, this excursion into minim...",negative,negative
"In the early 00's, production companies had a short-lived craze for supernatural genre movies in France after ""The Crimson Rivers"" and ""Brotherhood of the Wolf"" turned out to be hits, so several movie...",negative,negative
I was so happy to learn that Hari Om will finally be theatrically released in 2007. I saw this film three years ago at the Vancouver International film Festival and have been waiting for it's release ...,positive,positive
"The gates of Hell opened up and spit out this film, then closed again.<br /><br />Watching this movie makes me appreciate other movies I have seen, like all other movies. Nothing makes sense in this m...",negative,negative
"""In Love and War"" is a simple feel-good TV-film, and should be viewed as such.<br /><br />(Possible spoiler)<br /><br />It is the story of a WWII British soldier, Newby, captured with his commando by ...",positive,positive
Not much to say other than plenty of Wire-fu and supposed Sholin monks ego-tripping about Kung-fu and caricature Japanese plotting to take over China. All of this would not be so bad if not for the ut...,negative,negative
"It could be easy to complain about the quality of this movie (you don't have to throw cartloads of money at a movie to make it good, nor will it guarantee that it is worth watching) but I think that i...",positive,positive
"I have always loved old movies but this is one of my top ten favorites...it has all the charm, 1940's quaintness, and good old fashioned romance and it's hilarious, to boot! Barbara Stanwick plays an ...",positive,positive
"I absolutely loved this movie. Great, realistic looking combat footage for one thing and a touching, genuine story also. The calm, understated manner of the lead character, Franta, makes him very lika...",positive,positive
"Intended as light entertainment, this film is indeed successful as such during its first half, but then succumbs to a rapidly foundering script that drops it down. Harry (Judd Nelson), a ""reformed"" bu...",negative,negative
"This is just one of those films which cannot justify much of anything that happens. These people are going on a trek: the young girl wants to photograph animals. There really are no Piranhas, but I gu...",negative,negative
"It's really too bad that nobody knows about this movie. I think if it were just spruced up a little and if it weren't so low-budget, I think one of the major film companies might have wanted to take i...",positive,positive
"Unlike Terms of Endearment and Steel Magnolia's, I left the movie theater feeling VERY disappointed. I started to get into the characters and their complex mother/daughter and father/daughter relation...",negative,negative
"""An astronaut (Michael Emmet) dies while returning from a mission and his body is recovered by the military. The base where the dead astronaut is taken to becomes the scene of a bizarre invasion plan ...",negative,positive
"I recently rented this video after seeing ""Final Ascent"" by the same writer. I wasn't prepared for how intense this film would get. I found it engaging from start to finish, and was rooting for the te...",positive,positive
"Lovely music. Beautiful photography, some of scenes are breathtaking and affecting. But the dramatic tension is lost in a film that is so poorly edited it is hard to know what exactly is going on. At ...",negative,negative
"As everyone knows, nobody can play Scarlett O'Hara like Vivien Leigh, and nobody can play Rhett Butler like Clark Gable. All others pale in comparison, and Timothy Dalton and Joanne Whalley are no exc...",negative,negative
"A very sensitive topic--15 y/o girl abandoned by mother as a baby and who goes to visit her, continues to be ignored, is raped by her mom's boyfriend, becomes pregnant. There was not enough depth disp...",negative,negative
"This is about some vampires (who can run around out in the sunlight), that are causing some problems down in South America. Casper Van Dien is sent in with his team of commandos to investigate. The mo...",negative,negative
"This film is bad. It's filled with glaring plot holes, characters who are ruled by stupidity, bad acting and above all, a poor script which has been done before in many, many films, only better. I fee...",negative,negative
This movie is so bad that it actually gets funny. One of the worst movies I've ever seen in my entire life. The funny thing was that the trailer had scenes in it that wasn't in the movie. Just by watc...,negative,negative
"Well, where to start describing this celluloid debacle? You already know the big fat NADA passing as a plot, so let's jut point out that this is so PC it's offensive. Hard to believe that Frank Oz, th...",negative,negative
"I really liked the movie 'The Emporer's New Groove', but watching this was like coming home and seeing your wife having ""relations"" with a llama. Seriously, this movie was bad. It's like Club Dread af...",negative,negative
"This thing, directed by french sensation Patrick Sebastien,is worst than all the turkeys that you may have seen. Forget Independence Day, Kazaam, The patriot, etc... you get the picture, this one's th...",negative,negative
"I have done a lot of international travel, both on business and as a tourist. For both types I assure you the best advice is also the oldest: Always drink the wine of the country. In this movie the ar...",positive,positive
"Late night on BBC1, was on my way to bed but curiosity piqued at a contemporary-set Irish film so I stayed to watch for a few minutes and then stayed to the end. I have to admit that the main attracti...",positive,positive
"Absolute grabber of a movie, and given its age, years ahead of its time. I first saw this the week my dad came home with a neighbor's TV, that the guy had thrown on the scrap heap. A tinkerer with all...",positive,positive
"I saw Le Conseguenze Dell'Amore on the 2005 Rotterdam Filmfestival, It was the first of ten films I saw there.<br /><br />Le Conseguenze has left the most powerful impression of the ten films. From th...",positive,positive
A not so good action thriller because it unsuccessfully trends the same water as early Steven Seagal films because there is not a very good set piece. Steven Seagal plays the same kind of character th...,negative,negative
